[
    {"code":"AMXDZ","apporteur":""},
    {"code":"AM1N2","apporteur":""},
    {"code":"AMJ3N","apporteur":""},
    {"code":"AM4C3","apporteur":""},
    {"code":"AMLEG","apporteur":""},
    {"code":"AML6H","apporteur":""},
    {"code":"AMKKH","apporteur":""},
    {"code":"AMDXA","apporteur":""},
    {"code":"AMFF3","apporteur":""},
    {"code":"AMU3V","apporteur":""},
    {"code":"AMW2P","apporteur":""},
    {"code":"AMSRE","apporteur":""},
    {"code":"AMCBN","apporteur":""},
    {"code":"AMRHW","apporteur":""},
    {"code":"AMIUF","apporteur":""},
    {"code":"AMENO","apporteur":""},
    {"code":"AMRLP","apporteur":""},
    {"code":"AM02Q","apporteur":""},
    {"code":"AMXJZ","apporteur":""},
    {"code":"AMK7W","apporteur":""},
    {"code":"AMTW9","apporteur":""},
    {"code":"AMBTD","apporteur":""},
    {"code":"AMJHO","apporteur":""},
    {"code":"AMKZO","apporteur":""},
    {"code":"AMAX6","apporteur":""},
    {"code":"AMD42","apporteur":""},
    {"code":"AMXNG","apporteur":""},
    {"code":"AM9QJ","apporteur":""},
    {"code":"AMQQT","apporteur":""},
    {"code":"AMFUJ","apporteur":""},
    {"code":"AM1OM","apporteur":""},
    {"code":"AMBNC","apporteur":""},
    {"code":"AMKTP","apporteur":""},
    {"code":"AMOTY","apporteur":""},
    {"code":"AMCE5","apporteur":""},
    {"code":"AMLDI","apporteur":""},
    {"code":"AMJDA","apporteur":""},
    {"code":"AMZVQ","apporteur":""},
    {"code":"AMXWS","apporteur":""},
    {"code":"AMSHO","apporteur":""},
    {"code":"AMZUV","apporteur":""},
    {"code":"AMHJC","apporteur":""},
    {"code":"AM57V","apporteur":""},
    {"code":"AMURE","apporteur":""},
    {"code":"AM2CQ","apporteur":""},
    {"code":"AMUTR","apporteur":""},
    {"code":"AMD4B","apporteur":""},
    {"code":"AMWIY","apporteur":""},
    {"code":"AME5I","apporteur":""},
    {"code":"AMB4M","apporteur":""},
    {"code":"AMPO7","apporteur":""},
    {"code":"AMMGM","apporteur":""},
    {"code":"AMQKE","apporteur":""},
    {"code":"AMNXI","apporteur":""},
    {"code":"AMVSA","apporteur":""},
    {"code":"AMXBP","apporteur":""},
    {"code":"AMYG4","apporteur":""},
    {"code":"AMNE3","apporteur":""},
    {"code":"AM3LR","apporteur":""},
    {"code":"AM61S","apporteur":""},
    {"code":"AMHQE","apporteur":""},
    {"code":"AM2NB","apporteur":""},
    {"code":"AMOA1","apporteur":""},
    {"code":"AMPKK","apporteur":""},
    {"code":"AMX0A","apporteur":""},
    {"code":"AMMMB","apporteur":""},
    {"code":"AMLOD","apporteur":""},
    {"code":"AM3YG","apporteur":""},
    {"code":"AM9SM","apporteur":""},
    {"code":"AMS1R","apporteur":""},
    {"code":"AMKW1","apporteur":""},
    {"code":"AMHED","apporteur":""},
    {"code":"AME7E","apporteur":""},
    {"code":"AMWUD","apporteur":""},
    {"code":"AMEOD","apporteur":""},
    {"code":"AM8UO","apporteur":""},
    {"code":"AMGFM","apporteur":""},
    {"code":"AMVHK","apporteur":""},
    {"code":"AMOZ3","apporteur":""},
    {"code":"AMOV7","apporteur":""},
    {"code":"AMKUT","apporteur":""},
    {"code":"AMVOI","apporteur":""},
    {"code":"AMO4A","apporteur":""},
    {"code":"AMGI8","apporteur":""},
    {"code":"AMVZK","apporteur":""},
    {"code":"AMCAZ","apporteur":""},
    {"code":"AMZJC","apporteur":""},
    {"code":"AMBPF","apporteur":""},
    {"code":"AMSXZ","apporteur":""},
    {"code":"AMSQJ","apporteur":""},
    {"code":"AM0PW","apporteur":""},
    {"code":"AMGUF","apporteur":""},
    {"code":"AMA3X","apporteur":""},
    {"code":"AMIHY","apporteur":""},
    {"code":"AMFWS","apporteur":""},
    {"code":"AM3CA","apporteur":""},
    {"code":"AMXON","apporteur":""},
    {"code":"AMVRW","apporteur":""},
    {"code":"AMX17","apporteur":""},
    {"code":"AMX18","apporteur":""}
]