{"_token":"REFHTUONF0XC","radio-set":"bronze","opt_produit":"individuel","taux":"90","option_type_famille":"normal","nombre_personnel":"1","nombre_conjoint":"0","nombre_enfant_entreprise":"0","nombre_enfant":"0","nombre_adulte":"0","nbfamille":"1","name":"f","firstname":"ss","contact":"65166","email":"admin@admin.com","status":"oui","nom":"ffgh","prenom":"tyy","sexe":"M","numero_cmu":" 1899494","profession":" 4","service":"Votre service","organisation":"Votre organisation","matricule_organisation":"Le matricule de votre organisation","categorie_professionnelle":"Votre catégorie professionnelle","civilite":"Mademoiselle (Mlle)","taille":"1m15","poids_assure":"50","tension_arterielle":"120","groupe_sanguin":"AB-","type_piece":"attestation id","saisir_autre_piece":"Saisir le nom de la pièce","numero_piece":"148965","date_naissance":"2021-01-01","lieu_naissance":" ","lien":"Assuré principal(e)","ville":"Bongouanou","commune":"marcory","commune_scd":" ","quartier":"Choix quartier","quartier_scd":"Saisir votre quartier","resident":"non","type_agent":"ND","activation_sms":"non","site_web":"Indiquez votre site web","adresse_postale":"Indiquez votre adresse postale","diabete":0,"cardio_vasculaire":0,"cataracte":0,"alergie_chrononique":0,"asthme":0,"bronchite_chrnonique":0,"apnee":0,"drepanocytose":0,"ulcere_gastro":0,"insuffisance_renale":0,"lombalgie_chronique":0,"myopathie":0,"epilepsie_cephalees":0,"autisme":0,"fibrome":0,"trouble_fertilite_erectile":0,"cancers":0,"vih_sida":0}