[
    
{"ville":"Abidjan"},
{"ville":"Abengourou"},
{"ville":"Aboisso"},
{"ville":"Adiaké"},
{"ville":"Adzopé"},
{"ville":"Agboville"},
{"ville":"Agnibilékrou"},
{"ville":"Akoupé"},
{"ville":"Alépé"},
{"ville":"Arrah"},
{"ville":"Attiégouakro"},
{"ville":"Bangolo"},
{"ville":"Béoumi"},
{"ville":"Béttié"},
{"ville":"Biankouma"},
{"ville":"Bingerville"},
{"ville":"Bloléquin"},
{"ville":"Bocanda"},
{"ville":"Bondoukou"},
{"ville":"Bongouanou"},
{"ville":"Botro"},
{"ville":"Bouaflé"},
{"ville":"Bouaké"},
{"ville":"Bouna"},
{"ville":"Boundiali"},
{"ville":"Buyo"},
{"ville":"Dabakala"},
{"ville":"Dabou"},
{"ville":"Daloa"},
{"ville":"Danané"},
{"ville":"Daoukro"},
{"ville":"Dianra"},
{"ville":"Didievi"},
{"ville":"Dikodougou"},
{"ville":"Dimbokro"},
{"ville":"Divo"},
{"ville":"Djekanou"},
{"ville":"Doropo"},
{"ville":"Duékoué"},
{"ville":"Facobly"},
{"ville":"Ferkessédougou"},
{"ville":"Fresco"},
{"ville":"Gagnoa"},
{"ville":"Gbeleban"},
{"ville":"Grand-Bassam"},
{"ville":"Grand-Lahou"},
{"ville":"Guéyo"},
{"ville":"Guiglo"},
{"ville":"Guitry"},
{"ville":"Hiré"},
{"ville":"Issia"},
{"ville":"Jacqueville"},
{"ville":"Kani"},
{"ville":"Kaniasso"},
{"ville":"Katiola"},
{"ville":"Kong"},
{"ville":"Korhogo"},
{"ville":"Koro"},
{"ville":"Kouassi-Kouassikro"},
{"ville":"Kouibly"},
{"ville":"Koun Fao"},
{"ville":"Kounahiri"},
{"ville":"Kouto"},
{"ville":"Lakota"},
{"ville":"M'Bahiakro"},
{"ville":"M'Batto"},
{"ville":"M'Bengué"},
{"ville":"Madinani"},
{"ville":"Man"},
{"ville":"Mankono"},
{"ville":"Méagui"},
{"ville":"Minignan"},
{"ville":"Nassian"},
{"ville":"Niakaramandougou"},
{"ville":"N'zianoua"},
{"ville":"Odienne"},
{"ville":"Ouangolodougou"},
{"ville":"Ouaninou"},
{"ville":"Oumé"},
{"ville":"Prikro"},
{"ville":"Sakassou"},
{"ville":"Samatiguila"},
{"ville":"San Pédro"},
{"ville":"Sandegue"},
{"ville":"Sassandra"},
{"ville":"Séguéla"},
{"ville":"Séguélon"},
{"ville":"Sikensi"},
{"ville":"Sinématiali"},
{"ville":"Sinfra"},
{"ville":"Sipilou"},
{"ville":"Soubré"},
{"ville":"Taabo"},
{"ville":"Tabou"},
{"ville":"Taï"},
{"ville":"Tanda"},
{"ville":"Téhini"},
{"ville":"Tengrela"},
{"ville":"Tiapoum"},
{"ville":"Tiassalé"},
{"ville":"Tiébissou"},
{"ville":"Touba"},
{"ville":"Toulepleu"},
{"ville":"Toumodi"},
{"ville":"Transua"},
{"ville":"Vavoua"},
{"ville":"Yakassé-Attobrou"},
{"ville":"Yamoussoukro"},
{"ville":"Zouan-Hounien"},
{"ville":"Zoukougbeu"},
{"ville":"Zuénoula"}

]